Algorithm,test_rmse,test_mae,fit_time,test_time,Precision,Recall,F-measure,NDCG
SVDpp,0.8942133103814215,0.6864538638297784,669.8936350345612,10.205841302871704,0.8273969200198723,0.4033312467499036,0.5423050196121354,0.9628741349115054
SVD,0.9004377834273362,0.6940672904908224,7.229629755020142,0.1951899528503418,0.816592151018382,0.4030794068047031,0.539737895374633,0.9609575986561856
KNNWithMeans,0.9207768625337692,0.705682965247979,0.2350468635559082,2.1140453815460205,0.8063338301043237,0.3947238826392939,0.5299982119845603,0.9562166608889971
KNNBasic,0.9673572312161188,0.7441367206434014,0.6099629402160645,2.77185606956482,0.7922255340288147,0.4429641163941788,0.5682163602096316,0.9607847851980734
