Algorithm,test_rmse,test_mae,fit_time,test_time,Precision,Recall,F-measure,NDCG
SVDpp,0.8869615282093251,0.6815153416578926,173.13275909423828,3.7545111179351807,0.8333333333333349,0.40710850683532523,0.5469939469041295,0.9651801900922238
SVD,0.8929384029601941,0.6874633498238552,3.2234387397766113,0.11690282821655273,0.8271485345255856,0.4051130599041357,0.5438596404068852,0.9645299432014255
KNNWithMeans,0.9145924036696881,0.6987364801777447,0.07657599449157715,0.9145071506500244,0.8166915052160969,0.39422151431136193,0.5317596833456368,0.9606559853011433
KNNBasic,0.9642004780831339,0.7416813562053952,0.08163094520568848,0.8833417892456055,0.7913065076999517,0.442862166054912,0.567895979642981,0.9640235983138342
