Algorithm,test_rmse,test_mae,fit_time,test_time,Precision,Recall,F-measure,NDCG
SVDpp,0.8852175303696673,0.6783986111286283,298.37321281433105,3.735361099243164,0.8249379036264297,0.4018564867085174,0.5404436967037264,0.9628122970069072
KNNBasic,0.9642004780831339,0.7416813562053952,0.07283306121826172,0.8560490608215332,0.7913065076999517,0.442862166054912,0.567895979642981,0.9640235983138342
SVD,0.8932309441123302,0.6880071891011017,3.229207992553711,0.11142563819885254,0.8195479384003989,0.4010217794742519,0.5385297829509722,0.961725958259758
KNNWithMeans,0.9145924036696881,0.6987364801777447,0.07707595825195312,0.9279170036315918,0.8166915052160969,0.39422151431136193,0.5317596833456368,0.9606559853011433
